<?xml version="1.0" encoding="UTF-8"?>
<!DOCTYPE hibernate-configuration PUBLIC "-//Hibernate/Hibernate Configuration DTD 3.0//EN" "http://hibernate.sourceforge.net/hibernate-configuration-3.0.dtd">
<hibernate-configuration>
  <session-factory>
    <property name="hibernate.dialect">org.hibernate.dialect.MySQLDialect</property>
    <property name="hibernate.connection.driver_class">com.mysql.jdbc.Driver</property>
    <property name="hibernate.connection.url">jdbc:mysql://localhost:3306/nicolas_murillo_2ds?zeroDateTimeBehavior=convertToNull</property>
    <property name="hibernate.connection.username">root</property>
    <mapping resource="Tabela/Client.hbm.xml"/>
    <mapping resource="Tabela/Os.hbm.xml"/>
    <mapping resource="Tabela/Veiculos.hbm.xml"/>
    <mapping resource="Tabela/Usuario.hbm.xml"/>
    <mapping resource="Tabela/Departamento.hbm.xml"/>
    <mapping resource="Tabela/Combustivel.hbm.xml"/>
    <mapping resource="Tabela/Funcionario.hbm.xml"/>
    <mapping resource="Tabela/Categoria.hbm.xml"/>
  </session-factory>
</hibernate-configuration>
