<?xml version="1.0"?>
<!DOCTYPE hibernate-mapping PUBLIC "-//Hibernate/Hibernate Mapping DTD 3.0//EN"
"http://www.hibernate.org/dtd/hibernate-mapping-3.0.dtd">
<!-- Generated 09/12/2022 10:12:18 by Hibernate Tools 4.3.1 -->
<hibernate-mapping>
    <class name="Tabela.Usuario" table="usuario" catalog="nicolas_murillo_2ds" optimistic-lock="version">
        <id name="login" type="int">
            <column name="login" />
            <generator class="assigned" />
        </id>
        <many-to-one name="funcionario" class="Tabela.Funcionario" fetch="select">
            <column name="mat_func" not-null="true" />
        </many-to-one>
        <property name="senha" type="string">
            <column name="senha" length="8" not-null="true" />
        </property>
        <property name="setor" type="int">
            <column name="setor" not-null="true" />
        </property>
        <property name="status" type="java.lang.Boolean">
            <column name="status" />
        </property>
    </class>
</hibernate-mapping>
