<?xml version="1.0" encoding="UTF-8"?>
<project-private xmlns="http://www.netbeans.org/ns/project-private/1">
    <editor-bookmarks xmlns="http://www.netbeans.org/ns/editor-bookmarks/2" lastBookmarkId="0"/>
    <open-files xmlns="http://www.netbeans.org/ns/projectui-open-files/2">
        <group>
            <file>file:/C:/Users/Usuario/OneDrive/Documentos/NetBeansProjects/LocadoraDS2/src/util/UsuarioDAO.java</file>
            <file>file:/C:/Users/Usuario/OneDrive/Documentos/NetBeansProjects/LocadoraDS2/src/Telas/Cliente.java</file>
            <file>file:/C:/Users/Usuario/OneDrive/Documentos/NetBeansProjects/LocadoraDS2/src/Telas/Inicio.java</file>
            <file>file:/C:/Users/Usuario/OneDrive/Documentos/NetBeansProjects/LocadoraDS2/src/Telas/BuscarCliente.java</file>
            <file>file:/C:/Users/Usuario/OneDrive/Documentos/NetBeansProjects/LocadoraDS2/src/util/ClienteDAO.java</file>
            <file>file:/C:/Users/Usuario/OneDrive/Documentos/NetBeansProjects/LocadoraDS2/src/Telas/Login.java</file>
        </group>
    </open-files>
</project-private>
